{
        "mtx_L": [[4563.29151, 0.0, 2129.12162],
                  [0.0, 4581.04259, 1398.38927],
                  [0.0, 0.0, 1.0]],

        "dist_L": [[0.0765945],
                   [0.44395243],
                   [-0.00438157],
                   [-0.00323236],
                   [0.0]],

	"mtx_R": [[4562.98636, 0.0, 2072.41892],
                  [0.0, 4575.42932, 1458.78899],
                  [0.0, 0.0, 1.0]],

        "dist_R": [[0.0609910383],
		   [0.687046776],
                   [-0.000443397749],
                   [-0.00924774984],
                   [0.0]],

        "R": [[0.99982769, -0.00147524, 0.01850448],
              [0.00177613, 0.99986631, -0.01625424],
              [-0.01847803, 0.01628431, 0.99969665]],

        "T": [[-199.50726236],
              [0.88593601],
              [-3.10740206]]}